label,Report_Date_as_YYYY-MM-DD,Open_Interest_All,net_lev,net_asset,net_lev_pct_oi,net_asset_pct_oi,net_lev_pctile_3y,net_lev_z_3y,net_lev_idx_3y,net_lev_chg_13w,net_asset_pctile_3y,net_asset_z_3y,net_asset_idx_3y,net_asset_chg_13w
AUSTRALIAN DOLLAR,2025-01-07,209191,-37512.0,-42734.0,-17.931937798471253,-20.42822109937808,,,,,,,,
AUSTRALIAN DOLLAR,2025-01-14,204175,-43766.0,-38056.0,-21.43553324354108,-18.638912697440922,,,,,,,,
AUSTRALIAN DOLLAR,2025-01-21,201730,-39789.0,-42510.0,-19.723888365637237,-21.072720963664302,,,,,,,,
AUSTRALIAN DOLLAR,2025-01-28,203598,-48327.0,-42331.0,-23.736480711991277,-20.79146160571322,,,,,,,,
AUSTRALIAN DOLLAR,2025-02-04,217073,-41872.0,-45624.0,-19.289363486016224,-21.017814283674156,,,,,,,,
AUSTRALIAN DOLLAR,2025-02-11,207440,-44643.0,-28927.0,-21.520921712302354,-13.9447551099113,,,,,,,,
AUSTRALIAN DOLLAR,2025-02-18,201548,-34325.0,-31165.0,-17.030682517315974,-15.462817790303054,,,,,,,,
AUSTRALIAN DOLLAR,2025-02-25,198113,-31973.0,-37268.0,-16.138769288234492,-18.811486373938106,,,,,,,,
AUSTRALIAN DOLLAR,2025-03-04,216732,-31548.0,-44948.0,-14.556226122584574,-20.738977169961057,,,,,,,,
AUSTRALIAN DOLLAR,2025-03-11,271551,-25951.0,-38359.0,-9.556584214383301,-14.125891637298334,,,,,,,,
AUSTRALIAN DOLLAR,2025-03-18,193574,-32320.0,-36948.0,-16.69645716883466,-19.0872741173918,,,,,,,,
AUSTRALIAN DOLLAR,2025-03-25,192180,-34372.0,-38054.0,-17.88531584972422,-19.801228015402227,,,,,,,,
AUSTRALIAN DOLLAR,2025-04-01,194127,-35955.0,-35118.0,-18.521380333493024,-18.090219289434238,,,,,,,,
AUSTRALIAN DOLLAR,2025-04-08,208794,-34615.0,-14713.0,-16.57854152897114,-7.046658428882056,,,,2897.0,,,,28021.0
AUSTRALIAN DOLLAR,2025-04-15,195563,-23466.0,-12807.0,-11.999202303094144,-6.548784790578995,,,,20300.0,,,,25249.0
AUSTRALIAN DOLLAR,2025-04-22,207537,-22635.0,-6012.0,-10.906488963413752,-2.8968328539007504,,,,17154.0,,,,36498.0
AUSTRALIAN DOLLAR,2025-04-29,199384,-16065.0,-9448.0,-8.057316534927576,-4.738594872206396,,,,32262.0,,,,32883.0
AUSTRALIAN DOLLAR,2025-05-06,200081,-12887.0,-13261.0,-6.440891438967219,-6.627815734627476,,,,28985.0,,,,32363.0
AUSTRALIAN DOLLAR,2025-05-13,194128,-5553.0,-27899.0,-2.8604838045001237,-14.371445644111102,,,,39090.0,,,,1028.0
AUSTRALIAN DOLLAR,2025-05-20,191945,-8067.0,-34282.0,-4.2027664174633355,-17.86032457214306,,,,26258.0,,,,-3117.0
AUSTRALIAN DOLLAR,2025-05-27,193528,-17122.0,-31865.0,-8.847298582117316,-16.465317680128972,,,,14851.0,,,,5403.0
AUSTRALIAN DOLLAR,2025-06-03,217172,-19493.0,-32356.0,-8.975834822168604,-14.898789899250364,,,,12055.0,,,,12592.0
AUSTRALIAN DOLLAR,2025-06-10,237277,-21833.0,-33624.0,-9.201481812396482,-14.17077930014287,,,,4118.0,,,,4735.0
AUSTRALIAN DOLLAR,2025-06-17,162305,-17712.0,-31808.0,-10.912787652875759,-19.597671051415546,,,,14608.0,,,,5140.0
AUSTRALIAN DOLLAR,2025-06-24,166192,-22963.0,-36937.0,-13.817151246750747,-22.225498218927505,,,,11409.0,,,,1117.0
AUSTRALIAN DOLLAR,2025-07-01,166324,-22903.0,-35992.0,-13.770111348933407,-21.63969120511772,65.38461538461539,0.4508203869335407,59.43797634076775,13052.0,46.15384615384615,-0.39484894956420075,24.315863879632435,-874.0
AUSTRALIAN DOLLAR,2025-07-08,166436,-19061.0,-38252.0,-11.452450191064433,-22.983008483741497,77.77777777777779,0.7678419684412766,68.42006826576893,15554.0,25.925925925925924,-0.5855065504348402,18.610522064021005,-23539.0
AUSTRALIAN DOLLAR,2025-07-15,163220,-20048.0,-38267.0,-12.28280847935302,-23.44504349957113,71.42857142857143,0.661987612853999,66.11259176135034,3418.0,25.0,-0.5728013812131124,18.57265475108553,-25460.0
AUSTRALIAN DOLLAR,2025-07-22,174518,-12010.0,-53959.0,-6.881811618285793,-30.918873697842056,93.10344827586206,1.3200155999769625,84.90438116612896,10625.0,3.4482758620689653,-1.8719430181651446,0.0,-47947.0
AUSTRALIAN DOLLAR,2025-07-29,172203,-13997.0,-49183.0,-8.128197534305443,-28.561058750428273,86.66666666666667,1.1003928785565045,80.25903586290737,2068.0,6.666666666666667,-1.3762013100371935,9.96099860262373,-39735.0
AUSTRALIAN DOLLAR,2025-08-05,178575,-13823.0,-60729.0,-7.74072518549629,-34.00755984880303,87.09677419354838,1.0762542442013852,80.6658250338991,-936.0,3.225806451612903,-2.1562688135385994,0.0,-47468.0
BRITISH POUND,2025-01-07,223555,44700.0,-58704.0,19.995079510634966,-26.25930978953725,,,,,,,,
BRITISH POUND,2025-01-07,31134,-2510.0,9962.0,-8.061925868825078,31.997173508061927,,,,,,,,
BRITISH POUND,2025-01-14,31204,-3413.0,10423.0,-10.937700294833995,33.402768875785156,,,,,,,,
BRITISH POUND,2025-01-14,241204,30071.0,-54838.0,12.467040347589592,-22.735112187194243,,,,,,,,
BRITISH POUND,2025-01-21,255113,29477.0,-62406.0,11.554487619211878,-24.462101108136395,,,,,,,,
BRITISH POUND,2025-01-21,31512,-4557.0,11253.0,-14.46115765422696,35.71020563594821,,,,,,,,
BRITISH POUND,2025-01-28,31282,-6780.0,13026.0,-21.673806022632824,41.640560066491915,,,,,,,,
BRITISH POUND,2025-01-28,250508,17446.0,-67060.0,6.964248646749804,-26.769604164338066,,,,,,,,
BRITISH POUND,2025-02-04,32173,-6588.0,12920.0,-20.476797314518386,40.1578963727349,,,,,,,,
BRITISH POUND,2025-02-04,248099,21036.0,-62795.0,8.478873352976029,-25.310460743493525,,,,,,,,
BRITISH POUND,2025-02-11,33026,-6154.0,11442.0,-18.63380366983589,34.6454308726458,,,,,,,,
BRITISH POUND,2025-02-11,249175,32089.0,-66646.0,12.878097722484197,-26.746663991170863,,,,,,,,
BRITISH POUND,2025-02-18,247143,37018.0,-55188.0,14.978372844871188,-22.33039171653658,,,,,,,,
BRITISH POUND,2025-02-18,32759,-6247.0,11588.0,-19.069568668152264,35.373485149119325,,,,-50947.0,,,,70292.0
BRITISH POUND,2025-02-25,33798,-4763.0,10630.0,-14.092549855021007,31.451565181371677,,,,-2253.0,,,,668.0
BRITISH POUND,2025-02-25,245840,37503.0,-46769.0,15.25504393101204,-19.024162056622192,,,,40916.0,,,,-57192.0
BRITISH POUND,2025-03-04,248102,41377.0,-47024.0,16.677414934180298,-18.9534949335354,,,,11306.0,,,,7814.0
BRITISH POUND,2025-03-04,33496,-4670.0,10803.0,-13.941963219488894,32.251612132791976,,,,-34147.0,,,,73209.0
BRITISH POUND,2025-03-11,270667,33228.0,-23992.0,12.276339561158176,-8.864028492575748,,,,37785.0,,,,-35245.0
BRITISH POUND,2025-03-11,37311,-5052.0,10743.0,-13.540242823832115,28.793117311248693,,,,1728.0,,,,-2283.0
BRITISH POUND,2025-03-18,203618,37303.0,-11751.0,18.320089579506725,-5.771100786767378,,,,19857.0,,,,55309.0
BRITISH POUND,2025-03-18,31900,-2660.0,11292.0,-8.338557993730408,35.39811912225705,,,,3928.0,,,,-1628.0
BRITISH POUND,2025-03-25,214188,45610.0,-3967.0,21.29437690253422,-1.8521112293872672,,,,24574.0,,,,58828.0
BRITISH POUND,2025-03-25,32494,-2405.0,12057.0,-7.401366406105742,37.105311749861514,,,,3749.0,,,,615.0
BRITISH POUND,2025-04-01,35790,-1068.0,10563.0,-2.984073763621123,29.513830678960602,,,,-33157.0,,,,77209.0
BRITISH POUND,2025-04-01,208588,51390.0,-15779.0,24.637083628971943,-7.564672943793507,100.0,1.7210350423930196,100.0,14372.0,42.30769230769231,0.024187492699056724,64.03241515370976,39409.0
BRITISH POUND,2025-04-08,37362,-4294.0,13412.0,-11.492960762271826,35.8974358974359,33.33333333333333,-0.9119561496573817,4.273680591370122,1953.0,100.0,0.9112131408828603,100.0,1824.0
BRITISH POUND,2025-04-08,197527,44370.0,-18254.0,22.462751927584584,-9.241268282310772,89.28571428571429,1.350025699304084,87.93192367199588,49133.0,39.285714285714285,-0.08735342537010106,60.64966696490705,-28884.0
BRITISH POUND,2025-04-15,39901,-8973.0,19465.0,-22.488158191524022,48.78323851532543,3.4482758620689653,-1.1212744135256223,0.0,-46476.0,100.0,1.082723288407342,100.0,66234.0
BRITISH POUND,2025-04-15,199158,41895.0,-19704.0,21.03606182026331,-9.893652276082307,86.66666666666667,1.2132790200363868,84.27016549873267,518.0,36.666666666666664,-0.16916447216262537,54.73100260040451,27320.0
BRITISH POUND,2025-04-22,39085,-8395.0,18910.0,-21.478828194959704,48.38173212229756,6.451612903225806,-1.0857763463747208,0.9575402150323873,-3725.0,96.7741935483871,1.0508554986132346,99.35856688818261,8107.0
BRITISH POUND,2025-04-22,203060,38310.0,-7736.0,18.866344922682952,-3.8097114153452183,81.25,1.043100775539371,78.33109686397296,5082.0,46.875,0.18205875214621206,68.56284310892805,16256.0
BRITISH POUND,2025-04-29,218896,37020.0,-3821.0,16.912140925370952,-1.7455778086397193,72.72727272727273,0.9545297119503882,76.19402614184185,42072.0,51.515151515151516,0.3060309441282865,73.08754695174805,-14564.0
BRITISH POUND,2025-04-29,38813,-8590.0,18878.0,-22.131759977327185,48.63834282328086,5.88235294117647,-1.1182253231653367,0.634494640756755,-45893.0,94.11764705882352,1.0325857874037945,99.32158335741114,30629.0
BRITISH POUND,2025-05-06,38958,-9689.0,19381.0,-24.870373222444684,49.74844704553622,2.857142857142857,-1.1302170890484589,0.0,-7029.0,97.14285714285714,1.0183925680336825,99.90291823172494,8089.0
BRITISH POUND,2025-05-06,229226,41682.0,-6016.0,18.183801139486796,-2.62448413356251,86.11111111111111,1.1851337168069849,84.10583015439022,-3928.0,44.44444444444444,0.16834527431287097,70.55070788789367,-2049.0
BRITISH POUND,2025-05-13,216534,36971.0,-5910.0,17.07399299879003,-2.7293635179694644,67.56756756756756,0.9452044885153877,76.3928682525909,39376.0,45.94594594594595,0.16952458744451204,70.6732158335741,-17967.0
BRITISH POUND,2025-05-13,37106,-7054.0,16556.0,-19.010402630302377,44.618121058588905,13.157894736842104,-1.0347763100936636,4.314085037410567,-5986.0,89.47368421052632,0.9167601839161816,96.63796590580756,5993.0
BRITISH POUND,2025-05-20,219351,37110.0,-6809.0,16.91809018422528,-3.1041572639285895,74.35897435897436,0.953976948731336,76.62044237790403,-14280.0,41.02564102564102,0.11268792823901161,69.63420976596359,8970.0
BRITISH POUND,2025-05-20,36014,-4018.0,13598.0,-11.156772366301993,37.75753873493641,37.5,-0.9011445990630907,9.284696867990636,276.0,87.5,0.8055705304744745,93.21930078012134,186.0
BRITISH POUND,2025-05-27,37335,-2352.0,12704.0,-6.299718762555243,34.02705236373376,48.78048780487805,-0.8081762443659004,12.012311923901832,-46722.0,78.04878048780488,0.7592993287234981,92.18607338919388,30958.0
BRITISH POUND,2025-05-27,229962,45218.0,-2901.0,19.663248710656543,-1.2615127716753203,95.23809523809523,1.3294794775593572,89.89505394652826,54191.0,50.0,0.20861163580561834,74.15082346142732,-22366.0
BRITISH POUND,2025-06-03,261491,46475.0,-1283.0,17.77307823213801,-0.49064786168548824,97.67441860465115,1.3407447899384428,91.95304441788504,4580.0,51.162790697674424,0.26276541665205205,76.02080323605894,18421.0
BRITISH POUND,2025-06-03,35266,-1883.0,13361.0,-5.339420404922588,37.88634945840186,47.72727272727273,-0.8190150495999593,12.78016994384322,6512.0,84.0909090909091,0.7742749222148936,92.94539150534527,-5549.0
BRITISH POUND,2025-06-10,32641,-1828.0,12784.0,-5.600318617689409,39.16546674427867,48.888888888888886,-0.8014922340131025,12.870217259614597,-40138.0,77.77777777777779,0.7403831701222205,92.27853221612251,20520.0
BRITISH POUND,2025-06-10,234987,42529.0,3612.0,18.09844799925102,1.537106308008528,86.95652173913044,1.1775266245977407,85.49255881726944,5509.0,50.0,0.4026361919339447,81.6781277087547,7433.0
BRITISH POUND,2025-06-17,201483,34168.0,-8140.0,16.958254542566866,-4.040043080557665,63.829787234042556,0.7863659902767602,71.80372959609686,42758.0,31.914893617021278,-0.027111664172262878,68.09592603293846,-27018.0
BRITISH POUND,2025-06-17,32105,-4600.0,14000.0,-14.32798629496963,43.606914810777134,27.083333333333332,-0.9504716429215896,8.331832544737143,5089.0,89.58333333333334,0.7784512193347352,93.68390638543774,-5381.0
BRITISH POUND,2025-06-24,201685,45408.0,-15114.0,22.514316880283612,-7.493864194164167,93.87755102040816,1.2808735289318607,90.2061264919203,3726.0,28.57142857142857,-0.2993990670788729,60.03582779543485,-9098.0
BRITISH POUND,2025-06-24,32168,-8086.0,18013.0,-25.136781895050984,55.996642626212385,10.0,-1.1021377942313675,2.624469948754891,-45057.0,92.0,0.9248091253267757,98.3218722912453,23923.0
BRITISH POUND,2025-07-01,36700,-10396.0,20400.0,-28.326975476839237,55.5858310626703,1.9607843137254901,-1.1773306584571195,0.0,-3342.0,100.0,0.9944320397394015,100.0,3844.0
BRITISH POUND,2025-07-01,213010,36479.0,-9790.0,17.125487066334912,-4.596028355476268,65.38461538461539,0.9028724866537929,75.86670119444534,-631.0,30.76923076923077,-0.13733002273896422,65.48136290875829,-2981.0
BRITISH POUND,2025-07-08,38647,-12596.0,22317.0,-32.59243925789841,57.74574999353119,1.8867924528301887,-1.263405237131918,0.0,-8578.0,100.0,1.057492677476901,100.0,8719.0
BRITISH POUND,2025-07-08,210850,40643.0,-14294.0,19.27578847521935,-6.77922693858193,79.62962962962963,1.0845774052074173,83.20413840527615,42995.0,27.77777777777778,-0.32454598374886573,59.03755999865737,-26998.0
BRITISH POUND,2025-07-15,214645,48469.0,-26467.0,22.581005846863427,-12.330592373453843,98.18181818181819,1.3935490029536486,95.43493889288281,3251.0,18.181818181818183,-0.7774585066732547,45.417724918043795,-23566.0
BRITISH POUND,2025-07-15,35438,-10727.0,19412.0,-30.269766916868896,54.777357638692926,3.571428571428571,-1.1869594844314886,2.920951458131466,-57202.0,94.64285714285714,0.9624540009823446,96.74972308311982,20695.0
BRITISH POUND,2025-07-22,216002,53535.0,-58458.0,24.78449273617837,-27.063638299645373,100.0,1.5809452633147016,100.0,55418.0,10.526315789473683,-1.935121745201346,9.624400013426273,-71819.0
BRITISH POUND,2025-07-22,38587,-11523.0,21060.0,-29.86238888744914,54.57796667271361,3.4482758620689653,-1.2067503145384004,1.6225370854818466,-9695.0,98.27586206896551,1.0157998266280541,98.59359790550141,8276.0
BRITISH POUND,2025-07-29,230682,45410.0,-63439.0,19.685107637353585,-27.500628570933145,91.52542372881356,1.2189419801472638,87.71378022410065,2881.0,5.084745762711865,-2.0421735717482266,4.051377871264419,-67051.0
BRITISH POUND,2025-07-29,39546,-11826.0,21644.0,-29.904415111515704,54.73119910989733,3.3333333333333335,-1.2097981129352229,1.1643555972236925,-45994.0,98.33333333333333,1.025395044976206,99.24700985712208,29784.0
BRITISH POUND,2025-08-05,38716,-10664.0,20784.0,-27.5441677859283,53.68323173881599,8.19672131147541,-1.1381390509919436,2.921474043943083,-6064.0,95.08196721311475,0.9781487018940794,98.28479362699576,6784.0
BRITISH POUND,2025-08-05,232860,37269.0,-80343.0,16.0048956454522,-34.50270548827622,70.96774193548387,0.8902098010945345,75.40336604618106,-8139.0,1.6129032258064515,-2.52320110218441,0.0,-65229.0
CANADIAN DOLLAR,2025-01-07,379238,-95069.0,-160523.0,-25.068426687199068,-42.32777306071649,,,,,,,,
CANADIAN DOLLAR,2025-01-14,375650,-88995.0,-155057.0,-23.690935711433514,-41.276986556635165,,,,,,,,
CANADIAN DOLLAR,2025-01-21,360280,-92268.0,-132935.0,-25.61008104807372,-36.89769068502276,,,,,,,,
CANADIAN DOLLAR,2025-01-28,362966,-83937.0,-139418.0,-23.125306502537427,-38.41076023649598,,,,,,,,
CANADIAN DOLLAR,2025-02-04,380218,-89614.0,-150743.0,-23.569110352481996,-39.646465974782885,,,,,,,,
CANADIAN DOLLAR,2025-02-11,349098,-81214.0,-138896.0,-23.263954534256857,-39.78710849102544,,,,,,,,
CANADIAN DOLLAR,2025-02-18,345801,-77433.0,-135789.0,-22.392358610877356,-39.267960474376885,,,,,,,,
CANADIAN DOLLAR,2025-02-25,345268,-64796.0,-138595.0,-18.76687095241957,-40.1412815551977,,,,,,,,
CANADIAN DOLLAR,2025-03-04,372562,-60677.0,-147440.0,-16.28641675747929,-39.5746211368846,,,,,,,,
CANADIAN DOLLAR,2025-03-11,361190,-62136.0,-148049.0,-17.203134084553835,-40.9892300451286,,,,,,,,
CANADIAN DOLLAR,2025-03-18,366899,-62363.0,-139457.0,-16.997320788554887,-38.009642980765825,,,,,,,,
CANADIAN DOLLAR,2025-03-25,299372,-49935.0,-129848.0,-16.679916625469314,-43.37346177999279,,,,,,,,
CANADIAN DOLLAR,2025-04-01,298867,-49835.0,-122329.0,-16.674641228372487,-40.93091575851466,,,,,,,,
CANADIAN DOLLAR,2025-04-08,276455,-63200.0,-95867.0,-22.86086343166157,-34.67725307916297,,,,31869.0,,,,64656.0
CANADIAN DOLLAR,2025-04-15,275863,-50497.0,-74854.0,-18.30510072028507,-27.134483421118453,,,,38498.0,,,,80203.0
CANADIAN DOLLAR,2025-04-22,280077,-35461.0,-59600.0,-12.661161037857447,-21.2798623235753,,,,56807.0,,,,73335.0
CANADIAN DOLLAR,2025-04-29,279132,-27639.0,-56678.0,-9.901766905979967,-20.305088631901754,,,,56298.0,,,,82740.0
CANADIAN DOLLAR,2025-05-06,286806,-26329.0,-58096.0,-9.180072941291327,-20.256201055765917,,,,63285.0,,,,92647.0
CANADIAN DOLLAR,2025-05-13,280709,-36196.0,-68087.0,-12.894492160921097,-24.25536765832232,,,,45018.0,,,,70809.0
CANADIAN DOLLAR,2025-05-20,284450,-40091.0,-82468.0,-14.09421690982598,-28.99208999824222,,,,37342.0,,,,53321.0
CANADIAN DOLLAR,2025-05-27,287245,-42517.0,-69977.0,-14.801650159271702,-24.36143361938415,,,,22279.0,,,,68618.0
CANADIAN DOLLAR,2025-06-03,297121,-43405.0,-67496.0,-14.608526492573732,-22.716670985894634,,,,17272.0,,,,79944.0
CANADIAN DOLLAR,2025-06-10,304580,-36616.0,-57376.0,-12.021800512180707,-18.837743778317684,,,,25520.0,,,,90673.0
CANADIAN DOLLAR,2025-06-17,314567,-33336.0,-32827.0,-10.597424396074604,-10.435614670324606,,,,29027.0,,,,106630.0
CANADIAN DOLLAR,2025-06-24,218624,-29077.0,-26085.0,-13.300003659250585,-11.93144394028103,,,,20858.0,,,,103763.0
CANADIAN DOLLAR,2025-07-01,222254,-27068.0,-36386.0,-12.178858423245476,-16.37135889567792,96.15384615384616,1.2924139385027724,98.9249345359325,22767.0,92.3076923076923,1.4918106601274506,92.33773189128074,85943.0
CANADIAN DOLLAR,2025-07-08,211893,-28985.0,-42270.0,-13.679073872190209,-19.948747717008114,88.88888888888889,1.1528653429753821,96.13616526040151,34215.0,88.88888888888889,1.2874168005530053,87.9609931715735,53597.0
CANADIAN DOLLAR,2025-07-15,211652,-26393.0,-49939.0,-12.469997921115795,-23.59486326611608,96.42857142857143,1.211568442773274,99.9068955484434,24104.0,85.71428571428571,1.0692749144772347,82.25650485725762,24915.0
CANADIAN DOLLAR,2025-07-22,212818,-29725.0,-47805.0,-13.967333590203836,-22.46285558552378,79.3103448275862,1.025683528357671,95.05964503927844,5736.0,86.20689655172413,1.075362852783383,83.84385367232478,11795.0
CANADIAN DOLLAR,2025-07-29,212714,-32170.0,-50182.0,-15.123593181454911,-23.59130099570315,76.66666666666667,0.8897638380159013,91.50276403840559,-4531.0,80.0,0.9873914500628027,82.07575239143694,6496.0
CANADIAN DOLLAR,2025-08-05,224942,-31844.0,-61707.0,-14.156538129829023,-27.43240479768118,77.41935483870968,0.8780146378369388,91.97701483852197,-5515.0,64.51612903225806,0.7088808499923068,73.50302741784317,-3611.0
EURO FX,2025-01-07,686524,-55231.0,161474.0,-8.045021004364013,23.520517855166023,,,,,,,,
EURO FX,2025-01-07,31134,-2510.0,9962.0,-8.061925868825078,31.997173508061927,,,,,,,,
EURO FX,2025-01-14,31204,-3413.0,10423.0,-10.937700294833995,33.402768875785156,,,,,,,,
EURO FX,2025-01-14,696457,-54534.0,168037.0,-7.830203444003004,24.127404850550715,,,,,,,,
EURO FX,2025-01-21,710455,-47880.0,170589.0,-6.739343097029368,24.011232238495047,,,,,,,,
EURO FX,2025-01-21,31512,-4557.0,11253.0,-14.46115765422696,35.71020563594821,,,,,,,,
EURO FX,2025-01-28,31282,-6780.0,13026.0,-21.673806022632824,41.640560066491915,,,,,,,,
EURO FX,2025-01-28,728978,-52256.0,190926.0,-7.168391913061848,26.1909138547391,,,,,,,,
EURO FX,2025-02-04,32173,-6588.0,12920.0,-20.476797314518386,40.1578963727349,,,,,,,,
EURO FX,2025-02-04,749873,-53895.0,184217.0,-7.187217035417998,24.56642658156781,,,,,,,,
EURO FX,2025-02-11,33026,-6154.0,11442.0,-18.63380366983589,34.6454308726458,,,,,,,,
EURO FX,2025-02-11,741263,-56093.0,186060.0,-7.567219731728145,25.100402960892424,,,,,,,,
EURO FX,2025-02-18,764845,-43238.0,197994.0,-5.6531715576358605,25.886813668128838,,,,,,,,
EURO FX,2025-02-18,32759,-6247.0,11588.0,-19.069568668152264,35.373485149119325,,,,48984.0,,,,-149886.0
EURO FX,2025-02-25,33798,-4763.0,10630.0,-14.092549855021007,31.451565181371677,,,,-2253.0,,,,668.0
EURO FX,2025-02-25,790547,-37337.0,216853.0,-4.722932349373282,27.43075364273092,,,,-33924.0,,,,206430.0
EURO FX,2025-03-04,841234,-38247.0,239815.0,-4.546535208990602,28.50752584893145,,,,16287.0,,,,71778.0
EURO FX,2025-03-04,33496,-4670.0,10803.0,-13.941963219488894,32.251612132791976,,,,43210.0,,,,-159786.0
EURO FX,2025-03-11,885469,-29583.0,262759.0,-3.34094135424278,29.67455664738122,,,,-25026.0,,,,251506.0
EURO FX,2025-03-11,37311,-5052.0,10743.0,-13.540242823832115,28.793117311248693,,,,1728.0,,,,-2283.0
EURO FX,2025-03-18,802042,-4212.0,277238.0,-0.525159530298912,34.5665189603537,,,,48044.0,,,,86312.0
EURO FX,2025-03-18,31900,-2660.0,11292.0,-8.338557993730408,35.39811912225705,,,,3928.0,,,,-1628.0
EURO FX,2025-03-25,807610,8195.0,284340.0,1.0147224526689862,35.20758782085412,,,,62090.0,,,,100123.0
EURO FX,2025-03-25,32494,-2405.0,12057.0,-7.401366406105742,37.105311749861514,,,,3749.0,,,,615.0
EURO FX,2025-04-01,35790,-1068.0,10563.0,-2.984073763621123,29.513830678960602,,,,55025.0,,,,-175497.0
EURO FX,2025-04-01,809899,11897.0,275555.0,1.4689485972942304,34.023378223704434,100.0,1.3952177237266914,100.0,55135.0,92.3076923076923,1.507183033511574,96.79821268469047,77561.0
EURO FX,2025-04-08,37362,-4294.0,13412.0,-11.492960762271826,35.8974358974359,70.37037037037037,0.6594733706056544,76.18620385350788,1953.0,51.85185185185185,-0.9054224075864276,1.2573894408443826,1824.0
EURO FX,2025-04-08,833421,12692.0,305615.0,1.5228797930457716,36.66994232206772,100.0,1.3468411335045456,100.0,17455.0,100.0,1.6962155900844424,100.0,294985.0
EURO FX,2025-04-15,39901,-8973.0,19465.0,-22.488158191524022,48.78323851532543,37.93103448275862,0.38481518908061085,68.50330740713818,28364.0,51.724137931034484,-0.8532408797009368,3.2142410190324466,-197388.0
EURO FX,2025-04-15,872209,5639.0,310167.0,0.6465193548793925,35.561086849596826,90.0,1.0027221403948896,89.74631096896125,43886.0,100.0,1.6604045268501166,100.0,70352.0
EURO FX,2025-04-22,39085,-8395.0,18910.0,-21.478828194959704,48.38173212229756,38.70967741935484,0.3688427540167685,69.3436068910373,-3725.0,48.38709677419355,-0.8623324463991802,2.980629902899685,8107.0
EURO FX,2025-04-22,894547,2611.0,316987.0,0.2918795770373161,35.435477398057344,87.5,0.8439689544118965,85.34418841317148,32194.0,100.0,1.6501650802650745,100.0,54228.0
EURO FX,2025-04-29,902895,2559.0,322237.0,0.2834216603259515,35.68931049568333,84.84848484848484,0.8199999555317403,85.26859053572726,7611.0,100.0,1.6008042592346574,100.0,311494.0
EURO FX,2025-04-29,38813,-8590.0,18878.0,-22.131759977327185,48.63834282328086,35.294117647058826,0.30526060508468533,69.0601148506215,-4378.0,44.11764705882353,-0.892582664738928,2.855175726523097,-258360.0
EURO FX,2025-05-06,38958,-9689.0,19381.0,-24.870373222444684,49.74844704553622,31.428571428571427,0.2504419763301373,67.46238278694483,-7029.0,48.57142857142857,-0.8659043648514008,3.016251701224882,8089.0
EURO FX,2025-05-06,916543,-7468.0,326876.0,-0.8148008331305787,35.664011399356056,41.66666666666667,0.3491973703395577,70.69128443701388,-15663.0,100.0,1.6143762705261984,100.0,42536.0
EURO FX,2025-05-13,898004,-5314.0,335868.0,-0.5917568295909595,37.40161513757177,54.054054054054056,0.4442659943418453,73.82278112960674,-2909.0,100.0,1.6040838555358152,100.0,323811.0
EURO FX,2025-05-13,37106,-7054.0,16556.0,-19.010402630302377,44.618121058588905,42.10526315789473,0.35522300614294616,71.29315984589664,-5986.0,39.473684210526315,-0.9145067998186682,2.0232827870613,5993.0
EURO FX,2025-05-20,916849,-13104.0,335187.0,-1.4292429833047753,36.55858271100257,28.205128205128204,0.06014806529898588,62.497637566329864,-25001.0,97.43589743589743,1.5536135182647266,99.79104404337447,59632.0
EURO FX,2025-05-20,36014,-4018.0,13598.0,-11.156772366301993,37.75753873493641,72.5,0.4998704153894854,75.70691284437014,276.0,37.5,-0.9377284873582843,1.1156591164323455,186.0
EURO FX,2025-05-27,37335,-2352.0,12704.0,-6.299718762555243,34.02705236373376,82.92682926829268,0.5732234529418674,78.1289525332558,-15044.0,29.268292682926827,-0.9231407799640563,0.8413468914349536,-292911.0
EURO FX,2025-05-27,925119,-16039.0,339487.0,-1.7337229048371074,36.69657633234211,26.190476190476193,-0.11186248776871158,58.23071890673839,-7066.0,100.0,1.5698502252900932,100.0,320022.0
EURO FX,2025-06-03,948636,-15355.0,344880.0,-1.61863981548244,36.3553565329589,27.906976744186046,-0.0762389375989768,59.22512175619684,-20994.0,100.0,1.5464866256967056,100.0,34713.0
EURO FX,2025-06-03,35266,-1883.0,13361.0,-5.339420404922588,37.88634945840186,84.0909090909091,0.6059285341012809,78.81078723558915,6512.0,34.090909090909086,-0.9387973412821756,1.0148752829050693,-5549.0
EURO FX,2025-06-10,32641,-1828.0,12784.0,-5.600318617689409,39.16546674427867,84.44444444444444,0.5995075317713167,78.89074652903976,-4439.0,28.888888888888886,-0.9235419061984694,0.8425943066661093,-304203.0
EURO FX,2025-06-10,938693,-12535.0,344913.0,-1.3353673671796848,36.74396208345007,30.434782608695656,0.04128817999818694,63.32485280220978,-15094.0,100.0,1.5343962572893073,100.0,22676.0
EURO FX,2025-06-17,893105,-2002.0,357209.0,-0.22416177269190074,39.99630502572486,80.85106382978722,0.5874479742124729,78.63778440066875,6588.0,100.0,1.565295157344408,100.0,338331.0
EURO FX,2025-06-17,32105,-4600.0,14000.0,-14.32798629496963,43.606914810777134,60.416666666666664,0.44401454951858843,74.86079813912917,5089.0,39.58333333333333,-0.9338944405261422,1.1628610182377386,-5381.0
EURO FX,2025-06-24,911642,11534.0,360688.0,1.2651896248746768,39.564653668874406,95.91836734693877,1.2715778018972625,98.31649342153086,19002.0,100.0,1.5552649552878062,100.0,33812.0
EURO FX,2025-06-24,32168,-8086.0,18013.0,-25.136781895050984,55.996642626212385,38.0,0.22689586251778257,69.79283273969615,-2772.0,42.0,-0.9059125541661806,2.2955241413525087,-317855.0
EURO FX,2025-07-01,36700,-10396.0,20400.0,-28.326975476839237,55.5858310626703,29.411764705882355,0.10197739976976017,66.43454241477066,-3342.0,50.98039215686274,-0.8731331446440029,2.976112406836106,3844.0
EURO FX,2025-07-01,945276,5032.0,366743.0,0.5323312979489588,38.797451749541935,90.38461538461539,0.9207702120253558,88.86385113033364,18136.0,100.0,1.5848641516198507,100.0,31556.0
EURO FX,2025-07-08,38647,-12596.0,22317.0,-32.59243925789841,57.74574999353119,26.41509433962264,-0.034920202540350616,63.23617067674638,-8578.0,50.943396226415096,-0.8624903341402115,3.4629086190127842,8719.0
EURO FX,2025-07-08,933951,1843.0,374805.0,0.19733369309524804,40.13112036926991,85.18518518518519,0.7446830716022432,84.2276659155339,4195.0,100.0,1.6067953859892454,100.0,362101.0
EURO FX,2025-07-15,945300,15261.0,384260.0,1.6144081244049509,40.649529249973554,100.0,1.440321768408876,100.0,31300.0,100.0,1.6175314574770643,100.0,44773.0
EURO FX,2025-07-15,35438,-10727.0,19412.0,-30.269766916868896,54.777357638692926,28.57142857142857,0.02617087434873065,63.57877624239706,4628.0,44.642857142857146,-0.9009621359517394,2.524726287610407,-325468.0
EURO FX,2025-07-22,980711,7151.0,399754.0,0.7291648610039043,40.76165149570057,91.22807017543859,0.989988734914863,88.63413403593351,9034.0,100.0,1.6844817688234361,100.0,386393.0
EURO FX,2025-07-22,38587,-11523.0,21060.0,-29.86238888744914,54.57796667271361,27.586206896551722,-0.034901837738486235,62.46321159290299,-9695.0,48.275862068965516,-0.8903686466607329,2.8471595107134062,8276.0
EURO FX,2025-07-29,970000,4724.0,382871.0,0.48701030927835054,39.47123711340206,86.4406779661017,0.8520887302507234,85.2327830254786,17259.0,96.61016949152543,1.5412645104399372,95.66871562269108,37958.0
EURO FX,2025-07-29,39546,-11826.0,21644.0,-29.904415111515704,54.73119910989733,26.666666666666668,-0.06593022586140812,62.03856826526894,-9824.0,48.333333333333336,-0.8884995522547704,2.99698300632132,-335565.0
EURO FX,2025-08-05,38716,-10664.0,20784.0,-27.5441677859283,53.68323173881599,31.147540983606557,-0.0008862913808603129,63.66706841942988,-6064.0,45.90163934426229,-0.8812071275785647,2.7763525162137754,6784.0
EURO FX,2025-08-05,959190,9714.0,371465.0,1.0127294905076158,38.72694669460691,93.54838709677419,1.1278734204069496,92.22608403172913,-1820.0,93.54838709677419,1.4605383481526406,92.74253961086939,10777.0
JAPANESE YEN,2025-01-07,246555,-58541.0,-9313.0,-23.74358662367423,-3.7772505120561335,,,,,,,,
JAPANESE YEN,2025-01-14,262951,-56644.0,-19799.0,-21.5416560499865,-7.529539724131112,,,,,,,,
JAPANESE YEN,2025-01-21,253526,-43659.0,-12765.0,-17.22071897951295,-5.034986549702989,,,,,,,,
JAPANESE YEN,2025-01-28,260709,-38811.0,-1274.0,-14.886712771710988,-0.48866744147689567,,,,,,,,
JAPANESE YEN,2025-02-04,278800,-34043.0,14063.0,-12.210545193687231,5.044117647058823,,,,,,,,
JAPANESE YEN,2025-02-11,324892,-34281.0,37096.0,-10.55150634672445,11.417948118143876,,,,,,,,
JAPANESE YEN,2025-02-18,330456,-26755.0,38287.0,-8.096388021400731,11.586111312852543,,,,,,,,
JAPANESE YEN,2025-02-25,388689,-12714.0,68961.0,-3.2709955774410906,17.741947932665962,,,,,,,,
JAPANESE YEN,2025-03-04,412273,-667.0,81572.0,-0.16178600102359358,19.785918553967882,,,,,,,,
JAPANESE YEN,2025-03-11,504354,-3104.0,84960.0,-0.6154407420185029,16.845311031537374,,,,,,,,
JAPANESE YEN,2025-03-18,340947,-13558.0,80624.0,-3.9765711386227185,23.647077111691846,,,,,,,,
JAPANESE YEN,2025-03-25,344569,-8156.0,80724.0,-2.3670150245669226,23.427528303474777,,,,,,,,
JAPANESE YEN,2025-04-01,357135,1392.0,77623.0,0.38976857490864797,21.7349181681997,,,,,,,,
JAPANESE YEN,2025-04-08,375405,10729.0,105102.0,2.857980048214595,27.99696327965797,,,,69270.0,,,,114415.0
JAPANESE YEN,2025-04-15,404939,13098.0,115385.0,3.23456125490506,28.494415208216544,,,,69742.0,,,,135184.0
JAPANESE YEN,2025-04-22,419728,16765.0,119551.0,3.9942534212632945,28.48296992337895,,,,60424.0,,,,132316.0
JAPANESE YEN,2025-04-29,426628,16566.0,127248.0,3.8830081476133773,29.826453022305145,,,,55377.0,,,,128522.0
JAPANESE YEN,2025-05-06,438004,20702.0,125293.0,4.726440854421421,28.605446525602506,,,,54745.0,,,,111230.0
JAPANESE YEN,2025-05-13,401739,24741.0,110919.0,6.158476025479229,27.609716756401543,,,,59022.0,,,,73823.0
JAPANESE YEN,2025-05-20,417088,30770.0,111647.0,7.377340033757864,26.768211984041738,,,,57525.0,,,,73360.0
JAPANESE YEN,2025-05-27,426006,18587.0,114865.0,4.36308408801754,26.963235259597283,,,,31301.0,,,,45904.0
JAPANESE YEN,2025-06-03,411573,23315.0,109920.0,5.664851678803031,26.70729129461845,,,,23982.0,,,,28348.0
JAPANESE YEN,2025-06-10,416772,15691.0,111404.0,3.764888236253875,26.73020260478151,,,,18795.0,,,,26444.0
JAPANESE YEN,2025-06-17,351477,8634.0,94630.0,2.4564907518841914,26.92352557919864,,,,22192.0,,,,14006.0
JAPANESE YEN,2025-06-24,350601,15935.0,93003.0,4.5450526381841465,26.526735519864463,,,,24091.0,,,,12279.0
JAPANESE YEN,2025-07-01,348530,15798.0,94753.0,4.532751843456804,27.18646888359682,69.23076923076923,0.7503830292005034,83.23610753434627,14406.0,61.53846153846154,0.4296101611866576,77.90162329051256,17130.0
JAPANESE YEN,2025-07-08,334080,5224.0,89331.0,1.5636973180076628,26.739403735632184,51.85185185185185,0.3378542485024106,71.39658048840568,-5505.0,51.85185185185185,0.30429864965524783,74.21436683509354,-15771.0
JAPANESE YEN,2025-07-15,350090,-12606.0,71610.0,-3.60078836870519,20.454740209660372,35.714285714285715,-0.3498839875914861,51.432634277972475,-25704.0,32.142857142857146,-0.08955167083246081,62.16311791468034,-43775.0
JAPANESE YEN,2025-07-22,341155,-11571.0,72326.0,-3.391713444035702,21.200334158960004,37.93103448275862,-0.3030246182433526,52.59150608547659,-28336.0,34.48275862068966,-0.07199955243035547,62.65003706297987,-47225.0
JAPANESE YEN,2025-07-29,355289,-31280.0,75119.0,-8.80410032396162,21.143069444874456,23.333333333333332,-1.0566932120455705,30.523675695043163,-47846.0,36.666666666666664,-0.007287320860033041,64.54942977415385,-52129.0
JAPANESE YEN,2025-08-05,360726,-29308.0,60532.0,-8.124726246513974,16.78060356059724,25.806451612903224,-0.9471728410445204,32.73169038528289,-50010.0,25.806451612903224,-0.34399748394766555,54.62947220956564,-64761.0
NZ DOLLAR,2025-01-07,92127,-13547.0,-40443.0,-14.70470111910732,-43.899182650037446,,,,,,,,
NZ DOLLAR,2025-01-14,92053,-14107.0,-40779.0,-15.324867196071828,-44.29947964759432,,,,,,,,
NZ DOLLAR,2025-01-21,90607,-13741.0,-40043.0,-15.165494939684573,-44.19415718432351,,,,,,,,
NZ DOLLAR,2025-01-28,83975,-17935.0,-36716.0,-21.357546888955046,-43.72253646918726,,,,,,,,
NZ DOLLAR,2025-02-04,84000,-16426.0,-36358.0,-19.554761904761904,-43.28333333333333,,,,,,,,
NZ DOLLAR,2025-02-11,87119,-11376.0,-43315.0,-13.058001124898128,-49.71934939565422,,,,,,,,
NZ DOLLAR,2025-02-18,89369,-13860.0,-43799.0,-15.508733453434637,-49.00916425158612,,,,,,,,
NZ DOLLAR,2025-02-25,90325,-14735.0,-42513.0,-16.313313036257956,-47.066703570440076,,,,,,,,
NZ DOLLAR,2025-03-04,99434,-8919.0,-51528.0,-8.969768891928315,-51.821308606714,,,,,,,,
NZ DOLLAR,2025-03-11,117629,-9910.0,-48557.0,-8.424793205757084,-41.27978644721965,,,,,,,,
NZ DOLLAR,2025-03-18,84546,-4947.0,-36910.0,-5.851252572564048,-43.656707591133824,,,,,,,,
NZ DOLLAR,2025-03-25,82273,-8337.0,-39370.0,-10.13333657457489,-47.852880045701504,,,,,,,,
NZ DOLLAR,2025-04-01,81800,-10036.0,-38828.0,-12.268948655256724,-47.46699266503668,,,,,,,,
NZ DOLLAR,2025-04-08,72111,-9938.0,-28864.0,-13.78153125043336,-40.02718031923008,,,,3609.0,,,,11579.0
NZ DOLLAR,2025-04-15,66708,-9460.0,-21491.0,-14.181207651256221,-32.2165257540325,,,,4647.0,,,,19288.0
NZ DOLLAR,2025-04-22,62695,-6299.0,-20692.0,-10.047053194034612,-33.00422681234548,,,,7442.0,,,,19351.0
NZ DOLLAR,2025-04-29,63080,-7187.0,-16280.0,-11.393468611287254,-25.808497146480658,,,,10748.0,,,,20436.0
NZ DOLLAR,2025-05-06,60518,-5448.0,-17006.0,-9.002280313295218,-28.100730361214847,,,,10978.0,,,,19352.0
NZ DOLLAR,2025-05-13,60764,-3532.0,-20157.0,-5.812652228293068,-33.17260219867026,,,,7844.0,,,,23158.0
NZ DOLLAR,2025-05-20,61063,-7867.0,-19888.0,-12.883415488921278,-32.56964119024614,,,,5993.0,,,,23911.0
NZ DOLLAR,2025-05-27,59271,-6999.0,-19046.0,-11.808472946297515,-32.13375849909737,,,,7736.0,,,,23467.0
NZ DOLLAR,2025-06-03,67940,-8234.0,-18407.0,-12.119517221077421,-27.093023255813954,,,,685.0,,,,33121.0
NZ DOLLAR,2025-06-10,78877,-7160.0,-17162.0,-9.077424344232158,-21.757926898842502,,,,2750.0,,,,31395.0
NZ DOLLAR,2025-06-17,47838,-12260.0,5873.0,-25.628161712446172,12.276851038923033,,,,-7313.0,,,,42783.0
NZ DOLLAR,2025-06-24,44222,-11981.0,12195.0,-27.092849712812626,27.57677174257157,,,,-3644.0,,,,51565.0
NZ DOLLAR,2025-07-01,42308,-8424.0,8515.0,-19.91112791906968,20.126217263874445,61.53846153846154,0.4663364091563393,66.03485384989239,1612.0,96.15384615384616,2.117889139429361,94.2250051001993,47343.0
NZ DOLLAR,2025-07-08,43042,-8654.0,9229.0,-20.10594303238697,21.441847497792853,59.25925925925925,0.39373375049219056,64.43796431299035,1284.0,96.29629629629629,1.9572750240326775,95.34547965412801,38093.0
NZ DOLLAR,2025-07-15,41963,-6744.0,8192.0,-16.07130090794271,19.52195982174773,85.71428571428571,0.9021588819169835,77.69909046726376,2716.0,89.28571428571429,1.7557339329832191,93.7181237543744,29683.0
NZ DOLLAR,2025-07-22,44104,-7328.0,5034.0,-16.61527299111192,11.413930709232723,72.41379310344827,0.7173348792292145,73.6443796431299,-1029.0,82.75862068965517,1.4963425141669051,88.7622993267737,25726.0
NZ DOLLAR,2025-07-29,46590,-6250.0,3903.0,-13.414895900407814,8.377334191886671,90.0,0.990614141034402,81.12893147260988,937.0,80.0,1.3671063494835212,86.98742997034039,20183.0
NZ DOLLAR,2025-08-05,48093,-6778.0,-1811.0,-14.093527124529558,-3.765620776412368,80.64516129032258,0.8170370072391294,77.46302853572172,-1330.0,77.41935483870968,1.0383515672024581,78.02049495472593,15195.0
SWISS FRANC,2025-01-07,93402,-9741.0,-36062.0,-10.429112866962164,-38.60945161773838,,,,,,,,
SWISS FRANC,2025-01-14,96279,-8315.0,-40757.0,-8.63635891523593,-42.33218043394717,,,,,,,,
SWISS FRANC,2025-01-21,98846,-12260.0,-37591.0,-12.403132144952755,-38.02986463792161,,,,,,,,
SWISS FRANC,2025-01-28,100766,-15856.0,-40551.0,-15.735466327928071,-40.242740606950754,,,,,,,,
SWISS FRANC,2025-02-04,101377,-14306.0,-40763.0,-14.11168213697387,-40.20931769533524,,,,,,,,
SWISS FRANC,2025-02-11,102629,-16334.0,-37419.0,-15.915579417123816,-36.46045464732191,,,,,,,,
SWISS FRANC,2025-02-18,101801,-14257.0,-39052.0,-14.004774019901573,-38.361116295517725,,,,,,,,
SWISS FRANC,2025-02-25,100458,-15815.0,-38824.0,-15.742897529315734,-38.64699675486273,,,,,,,,
SWISS FRANC,2025-03-04,100486,-14755.0,-35812.0,-14.683637521644807,-35.638795454093106,,,,,,,,
SWISS FRANC,2025-03-11,104190,-15868.0,-33304.0,-15.229868509453881,-31.96467991169978,,,,,,,,
SWISS FRANC,2025-03-18,85328,-15293.0,-29955.0,-17.922604537783613,-35.10570973185824,,,,,,,,
SWISS FRANC,2025-03-25,91070,-19961.0,-31860.0,-21.918304600856484,-34.984078181618536,,,,,,,,
SWISS FRANC,2025-04-01,94816,-21860.0,-36434.0,-23.055180560243,-38.42600404994938,,,,,,,,
SWISS FRANC,2025-04-08,82588,-10828.0,-26959.0,-13.110863563713856,-32.64275681697099,,,,-1087.0,,,,9103.0
SWISS FRANC,2025-04-15,83626,-9380.0,-23830.0,-11.216607275249324,-28.495922320809317,,,,-1065.0,,,,16927.0
SWISS FRANC,2025-04-22,84976,-3967.0,-23719.0,-4.668376953492751,-27.912587083411786,,,,8293.0,,,,13872.0
SWISS FRANC,2025-04-29,84220,-2617.0,-22494.0,-3.1073379244834958,-26.708620280218476,,,,13239.0,,,,18057.0
SWISS FRANC,2025-05-06,83159,-901.0,-25263.0,-1.0834666121526233,-30.37915318847028,,,,13405.0,,,,15500.0
SWISS FRANC,2025-05-13,83969,-898.0,-25010.0,-1.069442294179995,-29.784801533899415,,,,15436.0,,,,12409.0
SWISS FRANC,2025-05-20,85680,1137.0,-26953.0,1.32703081232493,-31.457749766573297,,,,15394.0,,,,12099.0
SWISS FRANC,2025-05-27,86373,1358.0,-29024.0,1.5722505875678743,-33.603093559329885,,,,17173.0,,,,9800.0
SWISS FRANC,2025-06-03,94271,2969.0,-31191.0,3.149430896033775,-33.08652713984152,,,,17724.0,,,,4621.0
SWISS FRANC,2025-06-10,98587,6310.0,-36779.0,6.400438191647986,-37.30613569740432,,,,22178.0,,,,-3475.0
SWISS FRANC,2025-06-17,80656,1906.0,-35857.0,2.3631223963499304,-44.45670501884547,,,,17199.0,,,,-5902.0
SWISS FRANC,2025-06-24,86135,3545.0,-36787.0,4.1156324374528355,-42.7085389214605,,,,23506.0,,,,-4927.0
SWISS FRANC,2025-07-01,90226,1287.0,-36832.0,1.4264181056458227,-40.8219360273092,80.76923076923077,1.114071181157448,82.168974085907,23147.0,30.76923076923077,-0.6529285069031118,21.517324429361214,-398.0
SWISS FRANC,2025-07-08,87074,1416.0,-37274.0,1.6262029997473413,-42.80726738176723,85.18518518518519,1.0833313498842145,82.62690805821796,12244.0,29.629629629629626,-0.7084984558311754,19.097925447479337,-10315.0
SWISS FRANC,2025-07-15,88117,-159.0,-34022.0,-0.1804419124573011,-38.610029846681115,71.42857142857143,0.864289665109793,77.03585374511891,9221.0,57.14285714285714,-0.14054652145798385,36.89857135037495,-10192.0
SWISS FRANC,2025-07-22,91735,-2761.0,-33768.0,-3.0097563634381643,-36.81037771842808,58.620689655172406,0.5355569620693702,67.79907703230387,1206.0,58.620689655172406,-0.09392042904646217,38.28890470195413,-10049.0
SWISS FRANC,2025-07-29,91191,-1585.0,-34034.0,-1.738110120516279,-37.32166551523725,63.33333333333333,0.66382215218274,71.97373091941782,1032.0,53.333333333333336,-0.13938784804595203,36.83288631014287,-11540.0
SWISS FRANC,2025-08-05,91475,-3239.0,-34886.0,-3.5408581579666576,-38.13719595517901,54.83870967741935,0.4492902167226894,66.10223642172524,-2338.0,51.61290322580645,-0.2901640963949438,32.16924845366468,-9623.0
